column|qty
misc|195727
graphite_on_wove_paper|128230
etching|26781
terracotta|23642
silk|21061
albumen|18804
commercial_color_lithograph|18766
brown_and_black_ink|15513
wood|15418
mahogany|15410
engraving|14713
lithograph|13649
cotton|10875
gelatin_silver|10755
glass|9568
bronze|8913
colored_wax|8608
black_ink_wash|7677
photolithograph|7577
porcelain|7081
rosewood|6937
drawings_and_sketches|6491
print|6415
watercolor|6296
film_negative|5894
gold|5734
faience|5693
silver|5623
wool|4894
black_and_colored_crayon|4639
ink|4035
earthenware|3957
limestone|3856
on_canvas|3610
watercolor_gouache|3601
pottery|3545
graphite|3027
stone|2960
graphite_on_light|2721
copper|2620
ceramic|2598
linen|2588
iron|2399
steel|2083
bobbin_lace|1966
leather|1840
ivory|1689
clay|1650
salted_paper|1254
chromogenic|1122
brass|1109
marble|1084
drypoint|842
stonepaste|501
